{
  "nose": {
    "x": 153.74737453831773,
    "y": 80.38843949017358
  },
  "leftShoulder": {
    "x": 182.57633313130776,
    "y": 122.59830222519456
  },
  "rightShoulder": {
    "x": 112.43237744045629,
    "y": 121.39704663465923
  },
  "leftElbow": {
    "x": 206.03540324051556,
    "y": 177.68850363646038
  },
  "rightElbow": {
    "x": 91.94506634070252,
    "y": 178.27901877317913
  },
  "leftWrist": {
    "x": 179.3344401199994,
    "y": 210.93295798691332
  },
  "rightWrist": {
    "x": 89.60033669082108,
    "y": 221.2291672999757
  },
  "leftHip": {
    "x": 172.31724364284412,
    "y": 235.65967723089435
  },
  "rightHip": {
    "x": 124.68208877029123,
    "y": 233.72739799291708
  },
  "leftKnee": {
    "x": 201.01856276218996,
    "y": 248.88685649471063
  },
  "rightKnee": {
    "x": 122.32447227151478,
    "y": 300.5203900170234
  },
  "leftAnkle": {
    "x": 263.3188091827274,
    "y": 287.3314349103995
  },
  "rightAnkle": {
    "x": 127.30199316596243,
    "y": 308.7169958923578
  }
}
